-- phpMyAdmin SQL Dump
-- version 5.1.1
-- https://www.phpmyadmin.net/
--
-- Host: 127.0.0.1
-- Generation Time: Jul 15, 2021 at 12:48 AM
-- Server version: 10.4.19-MariaDB
-- PHP Version: 7.4.20

SET SQL_MODE = "NO_AUTO_VALUE_ON_ZERO";
START TRANSACTION;
SET time_zone = "+00:00";


/*!40101 SET @OLD_CHARACTER_SET_CLIENT=@@CHARACTER_SET_CLIENT */;
/*!40101 SET @OLD_CHARACTER_SET_RESULTS=@@CHARACTER_SET_RESULTS */;
/*!40101 SET @OLD_COLLATION_CONNECTION=@@COLLATION_CONNECTION */;
/*!40101 SET NAMES utf8mb4 */;

--
-- Database: `last_raptors`
--

-- --------------------------------------------------------

--
-- Table structure for table `aboutus`
--

CREATE TABLE `aboutus` (
  `id` int(10) UNSIGNED NOT NULL,
  `aboutus_ar` longtext COLLATE utf8mb4_unicode_ci NOT NULL,
  `aboutus_en` longtext COLLATE utf8mb4_unicode_ci NOT NULL,
  `client` int(11) DEFAULT NULL,
  `experience_year` int(11) DEFAULT NULL,
  `previous_project` int(11) DEFAULT NULL,
  `under_construction` int(11) DEFAULT NULL,
  `message_ar` longtext COLLATE utf8mb4_unicode_ci NOT NULL,
  `message_en` longtext COLLATE utf8mb4_unicode_ci NOT NULL,
  `vision_ar` longtext COLLATE utf8mb4_unicode_ci NOT NULL,
  `vision_en` longtext COLLATE utf8mb4_unicode_ci NOT NULL,
  `whyus_ar` longtext COLLATE utf8mb4_unicode_ci NOT NULL,
  `whyus_en` longtext COLLATE utf8mb4_unicode_ci NOT NULL,
  `created_at` timestamp NULL DEFAULT NULL,
  `updated_at` timestamp NULL DEFAULT NULL
) ENGINE=InnoDB DEFAULT CHARSET=utf8mb4 COLLATE=utf8mb4_unicode_ci;

--
-- Dumping data for table `aboutus`
--

INSERT INTO `aboutus` (`id`, `aboutus_ar`, `aboutus_en`, `client`, `experience_year`, `previous_project`, `under_construction`, `message_ar`, `message_en`, `vision_ar`, `vision_en`, `whyus_ar`, `whyus_en`, `created_at`, `updated_at`) VALUES
(1, 'هذا النص هو مثال لنص يمكن أن يستبدل في نفس المساحة، لقد تم توليد هذا النص من مولد النص العربى، حيث يمكنك أن تولد مثل هذا النص أو العديد من النصوص الأخرى إضافة إلى زيادة عدد الحروف التى يولدها التطبيق.', 'This text is an example of a text that can be replaced in the same space. This text was generated from the Arabic text generator', 151515, 50, 117, 20, 'هذا النص هو مثال لنص يمكن أن يستبدل في نفس المساحة، لقد تم توليد هذا النص من مولد النص العربى', 'This text is an example of a text that can be replaced in the same space. This text was generated from the Arabic text generator, where you can generate such text or many other texts in addition to increasing the number of characters generated by the application.', 'هذا النص هو مثال لنص يمكن أن يستبدل في نفس المساحة، لقد تم توليد هذا النص من مولد النص العربى', 'This text is an example of a text that can be replaced in the same space. This text was generated from the Arabic text generator, where you can generate such text or many other texts in addition to increasing the number of characters generated by the application.', 'هذا النص هو مثال لنص يمكن أن يستبدل في نفس المساحة، لقد تم توليد هذا النص من مولد النص العربى', 'This text is an example of a text that can be replaced in the same space. This text was generated from the Arabic text generator, where you can generate such text or many other texts in addition to increasing the number of characters generated by the application.', '2021-07-06 16:32:36', '2021-07-06 16:32:36');

-- --------------------------------------------------------

--
-- Table structure for table `categories`
--

CREATE TABLE `categories` (
  `id` int(10) UNSIGNED NOT NULL,
  `name_ar` varchar(191) COLLATE utf8mb4_unicode_ci NOT NULL,
  `name_en` varchar(191) COLLATE utf8mb4_unicode_ci NOT NULL,
  `Notes` text COLLATE utf8mb4_unicode_ci DEFAULT NULL,
  `created_at` timestamp NULL DEFAULT NULL,
  `updated_at` timestamp NULL DEFAULT NULL
) ENGINE=InnoDB DEFAULT CHARSET=utf8mb4 COLLATE=utf8mb4_unicode_ci;

--
-- Dumping data for table `categories`
--

INSERT INTO `categories` (`id`, `name_ar`, `name_en`, `Notes`, `created_at`, `updated_at`) VALUES
(1, 'مـنـزل', 'House', NULL, '2021-07-06 10:44:08', '2021-07-06 10:44:08'),
(2, 'مـصـنـع', 'Factory', NULL, '2021-07-06 10:44:32', '2021-07-06 10:44:32'),
(3, 'فـيـلا', 'Villa', NULL, '2021-07-06 10:45:05', '2021-07-06 10:45:05'),
(4, 'كـافـي شـوب', 'Cafa', NULL, '2021-07-06 10:45:51', '2021-07-06 10:45:51'),
(5, 'سـوبـر مــاركــت', 'SuperMarket', NULL, '2021-07-06 10:46:15', '2021-07-06 10:46:15');

-- --------------------------------------------------------

--
-- Table structure for table `classrooms`
--

CREATE TABLE `classrooms` (
  `id` bigint(20) UNSIGNED NOT NULL,
  `Name_Class` varchar(191) COLLATE utf8mb4_unicode_ci NOT NULL,
  `Grade_id` bigint(20) UNSIGNED NOT NULL,
  `created_at` timestamp NULL DEFAULT NULL,
  `updated_at` timestamp NULL DEFAULT NULL
) ENGINE=InnoDB DEFAULT CHARSET=utf8mb4 COLLATE=utf8mb4_unicode_ci;

-- --------------------------------------------------------

--
-- Table structure for table `company_jobs`
--

CREATE TABLE `company_jobs` (
  `id` int(10) UNSIGNED NOT NULL,
  `title_ar` longtext COLLATE utf8mb4_unicode_ci DEFAULT NULL,
  `title_en` longtext COLLATE utf8mb4_unicode_ci DEFAULT NULL,
  `type` varchar(191) COLLATE utf8mb4_unicode_ci NOT NULL,
  `status` tinyint(3) UNSIGNED NOT NULL DEFAULT 0,
  `created_at` datetime NOT NULL DEFAULT current_timestamp(),
  `updated_at` datetime NOT NULL DEFAULT current_timestamp()
) ENGINE=InnoDB DEFAULT CHARSET=utf8mb4 COLLATE=utf8mb4_unicode_ci;

--
-- Dumping data for table `company_jobs`
--

INSERT INTO `company_jobs` (`id`, `title_ar`, `title_en`, `type`, `status`, `created_at`, `updated_at`) VALUES
(1, 'شـبـكـات', 'Network', 'Job Title', 0, '2021-07-06 18:48:10', '2021-07-06 18:48:10'),
(2, 'مـبـرمـج مـواقـع', 'Backend Programmer', 'Job Title', 0, '2021-07-06 18:49:19', '2021-07-06 18:49:19'),
(3, 'مـصـمـم مـواقـع', 'Frontend Programer', 'Job Title', 0, '2021-07-06 18:50:06', '2021-07-06 18:59:55'),
(4, 'sales@raptorsegypt.com', 'sales@raptorsegypt.com', 'Job E-Mail', 0, '2021-07-06 18:50:41', '2021-07-06 18:50:41'),
(5, 'hr@raptorsegypt.com', 'hr@raptorsegypt.com', 'Job E-Mail', 0, '2021-07-06 18:51:12', '2021-07-06 18:51:12'),
(6, 'info@raptorsegypt.com', 'info@raptorsegypt.com', 'Job E-Mail', 0, '2021-07-06 18:51:32', '2021-07-06 18:51:32'),
(7, 'هذا النص هو مثال لنص يمكن أن يستبدل في نفس المساحة، لقد تم توليد هذا النص من مولد النص العربى، حيث يمكنك أن تولد مثل هذا النص أو العديد من النصوص الأخرى', 'This text is an example of a text that can be replaced in the same space. This text was generated from the Arabic text generator, where you can generate such text or many other texts', 'Annoncement', 0, '2021-07-06 18:52:19', '2021-07-06 18:52:19');

-- --------------------------------------------------------

--
-- Table structure for table `contactus_messages`
--

CREATE TABLE `contactus_messages` (
  `id` int(10) UNSIGNED NOT NULL,
  `name` varchar(191) COLLATE utf8mb4_unicode_ci NOT NULL,
  `email` varchar(191) COLLATE utf8mb4_unicode_ci NOT NULL,
  `mobile` varchar(191) COLLATE utf8mb4_unicode_ci DEFAULT NULL,
  `subject` varchar(191) COLLATE utf8mb4_unicode_ci NOT NULL,
  `message` longtext COLLATE utf8mb4_unicode_ci NOT NULL,
  `status` tinyint(3) UNSIGNED NOT NULL DEFAULT 0,
  `created_at` datetime NOT NULL DEFAULT current_timestamp(),
  `updated_at` datetime NOT NULL DEFAULT current_timestamp()
) ENGINE=InnoDB DEFAULT CHARSET=utf8mb4 COLLATE=utf8mb4_unicode_ci;

--
-- Dumping data for table `contactus_messages`
--

INSERT INTO `contactus_messages` (`id`, `name`, `email`, `mobile`, `subject`, `message`, `status`, `created_at`, `updated_at`) VALUES
(1, 'mohamed', 'mohamed.test@test.net', '01245879584', 'test test', 'test test test test', 0, '2021-07-13 13:57:28', '2021-07-13 13:57:28');

-- --------------------------------------------------------

--
-- Table structure for table `failed_jobs`
--

CREATE TABLE `failed_jobs` (
  `id` bigint(20) UNSIGNED NOT NULL,
  `connection` text COLLATE utf8mb4_unicode_ci NOT NULL,
  `queue` text COLLATE utf8mb4_unicode_ci NOT NULL,
  `payload` longtext COLLATE utf8mb4_unicode_ci NOT NULL,
  `exception` longtext COLLATE utf8mb4_unicode_ci NOT NULL,
  `failed_at` timestamp NOT NULL DEFAULT current_timestamp()
) ENGINE=InnoDB DEFAULT CHARSET=utf8mb4 COLLATE=utf8mb4_unicode_ci;

-- --------------------------------------------------------

--
-- Table structure for table `features`
--

CREATE TABLE `features` (
  `id` int(10) UNSIGNED NOT NULL,
  `name_ar` varchar(191) COLLATE utf8mb4_unicode_ci NOT NULL,
  `name_en` varchar(191) COLLATE utf8mb4_unicode_ci NOT NULL,
  `Notes` text COLLATE utf8mb4_unicode_ci DEFAULT NULL,
  `created_at` datetime NOT NULL DEFAULT current_timestamp(),
  `updated_at` datetime NOT NULL DEFAULT current_timestamp()
) ENGINE=InnoDB DEFAULT CHARSET=utf8mb4 COLLATE=utf8mb4_unicode_ci;

--
-- Dumping data for table `features`
--

INSERT INTO `features` (`id`, `name_ar`, `name_en`, `Notes`, `created_at`, `updated_at`) VALUES
(1, 'حـمـام سـبـاحة', 'Swimming Pool', 'No Comment', '2021-07-06 12:38:13', '2021-07-06 12:38:13'),
(2, 'جراج', 'Garage', 'No Notes', '2021-07-06 12:38:49', '2021-07-06 12:38:49'),
(3, 'حـديـقـة', 'Garden', NULL, '2021-07-06 12:39:30', '2021-07-06 12:39:30'),
(4, 'غـــاز', 'Gas', '', '2021-07-06 12:40:16', '2021-07-06 12:42:24'),
(5, 'صالة العاب رياضية', 'GYM', '', '2021-07-06 12:41:01', '2021-07-06 12:41:17'),
(6, 'كـامـيـرات', 'Camera', 'Five Camera', '2021-07-06 12:43:33', '2021-07-06 12:43:33');

-- --------------------------------------------------------

--
-- Table structure for table `feature_property`
--

CREATE TABLE `feature_property` (
  `id` int(10) UNSIGNED NOT NULL,
  `property_id` int(10) UNSIGNED NOT NULL,
  `feature_id` int(10) UNSIGNED NOT NULL,
  `created_at` datetime NOT NULL DEFAULT current_timestamp(),
  `updated_at` datetime NOT NULL DEFAULT current_timestamp()
) ENGINE=InnoDB DEFAULT CHARSET=utf8mb4 COLLATE=utf8mb4_unicode_ci;

--
-- Dumping data for table `feature_property`
--

INSERT INTO `feature_property` (`id`, `property_id`, `feature_id`, `created_at`, `updated_at`) VALUES
(1, 1, 4, '2021-07-06 15:02:03', '2021-07-06 15:02:03'),
(2, 1, 5, '2021-07-06 15:02:03', '2021-07-06 15:02:03'),
(3, 1, 6, '2021-07-06 15:02:03', '2021-07-06 15:02:03'),
(4, 2, 1, '2021-07-06 22:13:58', '2021-07-06 22:13:58'),
(5, 2, 2, '2021-07-06 22:13:58', '2021-07-06 22:13:58'),
(6, 2, 3, '2021-07-06 22:13:58', '2021-07-06 22:13:58'),
(7, 2, 6, '2021-07-06 22:13:58', '2021-07-06 22:13:58'),
(8, 3, 2, '2021-07-06 22:21:13', '2021-07-06 22:21:13'),
(9, 3, 5, '2021-07-06 22:21:13', '2021-07-06 22:21:13'),
(10, 3, 6, '2021-07-06 22:21:13', '2021-07-06 22:21:13'),
(11, 4, 2, '2021-07-06 22:31:11', '2021-07-06 22:31:11'),
(12, 4, 4, '2021-07-06 22:31:11', '2021-07-06 22:31:11'),
(13, 4, 6, '2021-07-06 22:31:11', '2021-07-06 22:31:11'),
(14, 5, 1, '2021-07-06 22:48:33', '2021-07-06 22:48:33'),
(15, 5, 2, '2021-07-06 22:48:33', '2021-07-06 22:48:33'),
(16, 5, 6, '2021-07-06 22:48:33', '2021-07-06 22:48:33'),
(17, 6, 2, '2021-07-06 22:53:23', '2021-07-06 22:53:23'),
(18, 6, 4, '2021-07-06 22:53:23', '2021-07-06 22:53:23'),
(19, 6, 5, '2021-07-06 22:53:23', '2021-07-06 22:53:23'),
(20, 6, 6, '2021-07-06 22:53:23', '2021-07-06 22:53:23');

-- --------------------------------------------------------

--
-- Table structure for table `galleries`
--

CREATE TABLE `galleries` (
  `id` int(10) UNSIGNED NOT NULL,
  `name` varchar(191) COLLATE utf8mb4_unicode_ci DEFAULT NULL,
  `type` int(11) NOT NULL DEFAULT 0,
  `path` varchar(191) COLLATE utf8mb4_unicode_ci DEFAULT NULL,
  `status` int(11) NOT NULL DEFAULT 0,
  `created_at` datetime NOT NULL DEFAULT current_timestamp(),
  `updated_at` datetime NOT NULL DEFAULT current_timestamp()
) ENGINE=InnoDB DEFAULT CHARSET=utf8mb4 COLLATE=utf8mb4_unicode_ci;

--
-- Dumping data for table `galleries`
--

INSERT INTO `galleries` (`id`, `name`, `type`, `path`, `status`, `created_at`, `updated_at`) VALUES
(1, '1625571535_151-1514371_real-estates-images-hd_.jpg', 1, 'image/gallery/slider/1625571535_151-1514371_real-estates-images-hd_.jpg', 0, '2021-07-06 11:38:55', '2021-07-06 11:56:10'),
(2, '1625571535_MAIN-IMAGE_.jpg', 1, 'image/gallery/slider/1625571535_MAIN-IMAGE_.jpg', 0, '2021-07-06 11:38:55', '2021-07-06 11:56:16'),
(3, '1625571535_real4_.jpg', 1, 'image/gallery/slider/1625571535_real4_.jpg', 0, '2021-07-06 11:38:55', '2021-07-06 11:56:22'),
(6, '1625571535_pexels-sebastian-sørensen-731082_.jpg', 1, 'image/gallery/slider/1625571535_pexels-sebastian-sørensen-731082_.jpg', 0, '2021-07-06 11:38:55', '2021-07-06 11:38:55'),
(7, '1625571535_pexels-binyamin-mellish-1396132_.jpg', 1, 'image/gallery/slider/1625571535_pexels-binyamin-mellish-1396132_.jpg', 0, '2021-07-06 11:38:55', '2021-07-06 11:38:55'),
(8, '1625571535_pexels-binyamin-mellish-1396122_.jpg', 1, 'image/gallery/slider/1625571535_pexels-binyamin-mellish-1396122_.jpg', 0, '2021-07-06 11:38:55', '2021-07-06 11:38:55'),
(10, '1625573025_main_.jpg', 0, 'image/gallery/blog/1625573025_main_.jpg', 0, '2021-07-06 12:03:45', '2021-07-06 12:03:45'),
(13, '1625573025_XtkN6u_.jpg', 0, 'image/gallery/blog/1625573025_XtkN6u_.jpg', 0, '2021-07-06 12:03:45', '2021-07-06 12:03:45'),
(14, '1625573730_slider_.png', 0, 'image/gallery/blog/1625573730_slider_.png', 1, '2021-07-06 12:15:30', '2021-07-06 18:15:51'),
(15, '1625573730_slide11_copy_.jpg', 0, 'image/gallery/blog/1625573730_slide11_copy_.jpg', 0, '2021-07-06 12:15:30', '2021-07-06 12:15:30'),
(16, '1625573730_main_.jpg', 0, 'image/gallery/blog/1625573730_main_.jpg', 0, '2021-07-06 12:15:30', '2021-07-06 12:15:30'),
(17, '1625573730_pexels-binyamin-mellish-1396132 (1)_.jpg', 0, 'image/gallery/blog/1625573730_pexels-binyamin-mellish-1396132 (1)_.jpg', 0, '2021-07-06 12:15:30', '2021-07-06 12:15:30'),
(18, '1625573730_pexels-binyamin-mellish-1396122_.jpg', 0, 'image/gallery/blog/1625573730_pexels-binyamin-mellish-1396122_.jpg', 0, '2021-07-06 12:15:30', '2021-07-06 12:15:30'),
(19, '1625573730_pexels-binyamin-mellish-106399_.jpg', 0, 'image/gallery/blog/1625573730_pexels-binyamin-mellish-106399_.jpg', 0, '2021-07-06 12:15:30', '2021-07-06 12:15:30'),
(20, '1625573800_pexels-pixabay-259588_.jpg', 0, 'image/gallery/blog/1625573800_pexels-pixabay-259588_.jpg', 0, '2021-07-06 12:16:40', '2021-07-06 12:16:40');

-- --------------------------------------------------------

--
-- Table structure for table `grades`
--

CREATE TABLE `grades` (
  `id` bigint(20) UNSIGNED NOT NULL,
  `created_at` timestamp NULL DEFAULT NULL,
  `updated_at` timestamp NULL DEFAULT NULL,
  `Name` varchar(191) COLLATE utf8mb4_unicode_ci NOT NULL,
  `Notes` text COLLATE utf8mb4_unicode_ci DEFAULT NULL
) ENGINE=InnoDB DEFAULT CHARSET=utf8mb4 COLLATE=utf8mb4_unicode_ci;

-- --------------------------------------------------------

--
-- Table structure for table `job_seekers`
--

CREATE TABLE `job_seekers` (
  `id` int(10) UNSIGNED NOT NULL,
  `name` varchar(191) COLLATE utf8mb4_unicode_ci NOT NULL,
  `email` varchar(191) COLLATE utf8mb4_unicode_ci NOT NULL,
  `mobile` varchar(191) COLLATE utf8mb4_unicode_ci DEFAULT NULL,
  `job_title` varchar(191) COLLATE utf8mb4_unicode_ci DEFAULT NULL,
  `file` longtext COLLATE utf8mb4_unicode_ci NOT NULL,
  `message` longtext COLLATE utf8mb4_unicode_ci DEFAULT NULL,
  `status` tinyint(3) UNSIGNED NOT NULL DEFAULT 0,
  `created_at` datetime NOT NULL DEFAULT current_timestamp(),
  `updated_at` datetime NOT NULL DEFAULT current_timestamp()
) ENGINE=InnoDB DEFAULT CHARSET=utf8mb4 COLLATE=utf8mb4_unicode_ci;

-- --------------------------------------------------------

--
-- Table structure for table `location`
--

CREATE TABLE `location` (
  `id` int(10) UNSIGNED NOT NULL,
  `country_ar` varchar(191) COLLATE utf8mb4_unicode_ci DEFAULT NULL,
  `country_en` varchar(191) COLLATE utf8mb4_unicode_ci DEFAULT NULL,
  `city_ar` varchar(191) COLLATE utf8mb4_unicode_ci DEFAULT NULL,
  `city_en` varchar(191) COLLATE utf8mb4_unicode_ci DEFAULT NULL,
  `address_ar` varchar(191) COLLATE utf8mb4_unicode_ci DEFAULT NULL,
  `address_en` varchar(191) COLLATE utf8mb4_unicode_ci DEFAULT NULL,
  `location_latitude` double DEFAULT NULL,
  `location_longitude` double DEFAULT NULL,
  `status` tinyint(3) UNSIGNED NOT NULL DEFAULT 0,
  `created_at` timestamp NULL DEFAULT NULL,
  `updated_at` timestamp NULL DEFAULT NULL
) ENGINE=InnoDB DEFAULT CHARSET=utf8mb4 COLLATE=utf8mb4_unicode_ci;

--
-- Dumping data for table `location`
--

INSERT INTO `location` (`id`, `country_ar`, `country_en`, `city_ar`, `city_en`, `address_ar`, `address_en`, `location_latitude`, `location_longitude`, `status`, `created_at`, `updated_at`) VALUES
(1, 'مـصـر', 'Egypt', 'القاهرة', 'New Cairo', 'الجديدة-مول سيلفر ستار الغدا-محور محمد نجيب', 'Silver Star Mall Al-Ghada-Mohamed Naguibb', 30.005493, 31.477898, 0, '2021-07-14 20:26:54', '2021-07-14 20:28:17');

-- --------------------------------------------------------

--
-- Table structure for table `migrations`
--

CREATE TABLE `migrations` (
  `id` int(10) UNSIGNED NOT NULL,
  `migration` varchar(191) COLLATE utf8mb4_unicode_ci NOT NULL,
  `batch` int(11) NOT NULL
) ENGINE=InnoDB DEFAULT CHARSET=utf8mb4 COLLATE=utf8mb4_unicode_ci;

--
-- Dumping data for table `migrations`
--

INSERT INTO `migrations` (`id`, `migration`, `batch`) VALUES
(1, '2014_10_12_000000_create_users_table', 1),
(2, '2014_10_12_100000_create_password_resets_table', 1),
(3, '2019_08_19_000000_create_failed_jobs_table', 1),
(4, '2021_01_15_184804_create_Grades_table', 1),
(5, '2021_01_23_181414_create_Classrooms_table', 1),
(6, '2021_01_23_181424_create_foreign_keys', 1),
(7, '2021_06_13_145244_create_categories_table', 1),
(8, '2021_06_13_145245_create_properties_table', 1),
(9, '2021_06_19_110645_create_features_table', 1),
(10, '2021_06_19_110901_create_feature_property_table', 1),
(11, '2021_06_19_180642_create_galleries_table', 1),
(12, '2021_06_20_175605_create_social_table', 1),
(13, '2021_06_21_011728_create_contactus_messages_table', 1),
(14, '2021_06_24_134033_create_aboutus_table', 1),
(15, '2021_06_27_082912_create_news_table', 1),
(16, '2021_06_30_001748_create_job_seekers_table', 1),
(17, '2021_06_30_084751_create_company_jobs_table', 1),
(21, '2021_07_14_121343_create_work_time_table', 3),
(23, '2021_07_14_081437_create_location_table', 4);

-- --------------------------------------------------------

--
-- Table structure for table `news`
--

CREATE TABLE `news` (
  `id` int(10) UNSIGNED NOT NULL,
  `head_ar` longtext COLLATE utf8mb4_unicode_ci DEFAULT NULL,
  `head_en` longtext COLLATE utf8mb4_unicode_ci DEFAULT NULL,
  `body_ar` longtext COLLATE utf8mb4_unicode_ci DEFAULT NULL,
  `body_en` longtext COLLATE utf8mb4_unicode_ci DEFAULT NULL,
  `photo` varchar(191) COLLATE utf8mb4_unicode_ci DEFAULT NULL,
  `vision` enum('0','1') COLLATE utf8mb4_unicode_ci NOT NULL DEFAULT '1',
  `created_at` timestamp NULL DEFAULT NULL,
  `updated_at` timestamp NULL DEFAULT NULL
) ENGINE=InnoDB DEFAULT CHARSET=utf8mb4 COLLATE=utf8mb4_unicode_ci;

--
-- Dumping data for table `news`
--

INSERT INTO `news` (`id`, `head_ar`, `head_en`, `body_ar`, `body_en`, `photo`, `vision`, `created_at`, `updated_at`) VALUES
(1, 'هذا النص هو مثال لنص يمكن أن يستبدل في نفس المساحة، لقد تم توليد هذا النص من مولد النص العربى.', 'This text is an example of a text that can be replaced in the same space. This text was generated from the Arabic text generator, where you can generate such text or many other texts in addition to increasing the number of characters generated by the application.', 'هذا النص هو مثال لنص يمكن أن يستبدل في نفس المساحة، لقد تم توليد هذا النص من مولد النص العربى، حيث يمكنك أن تولد مثل هذا النص أو العديد من النصوص الأخرى إضافة إلى زيادة عدد الحروف التى يولدها التطبيق.', 'This text is an example of a text that can be replaced in the same space. This text was generated from the Arabic text generator, where you can generate such text or many other texts in addition to increasing the number of characters generated by the application.', '1625598138.jpg', '1', '2021-07-06 17:02:18', '2021-07-06 17:26:31'),
(2, 'هذا النص هو مثال لنص يمكن أن يستبدل في نفس المساحة، لقد تم توليد هذا النص من مولد النص العربى', 'This text is an example of a text that can be replaced in the same space. This text was generated from the Arabic text generator.', 'هذا النص هو مثال لنص يمكن أن يستبدل في نفس المساحة، لقد تم توليد هذا النص من مولد النص العربى، حيث يمكنك أن تولد مثل هذا النص أو العديد من النصوص الأخرى إضافة إلى زيادة عدد الحروف التى يولدها التطبيق.', 'This text is an example of a text that can be replaced in the same space. This text was generated from the Arabic text generator, where you can generate such text or many other texts in addition to increasing the number of characters generated by the application.', '1625598197.jpg', '1', '2021-07-06 17:03:17', '2021-07-06 17:03:17'),
(3, 'هذا النص هو مثال لنص يمكن أن يستبدل في نفس المساحة، لقد تم توليد هذا النص من مولد النص العربى.', 'This text is an example of a text that can be replaced in the same space. This text was generated from the Arabic text generator.', 'هذا النص هو مثال لنص يمكن أن يستبدل في نفس المساحة، لقد تم توليد هذا النص من مولد النص العربى، حيث يمكنك أن تولد مثل هذا النص أو العديد من النصوص الأخرى إضافة إلى زيادة عدد الحروف التى يولدها التطبيق.', 'This text is an example of a text that can be replaced in the same space. This text was generated from the Arabic text generator, where you can generate such text or many other texts in addition to increasing the number of characters generated by the application.', '1625598311.jpg', '1', '2021-07-06 17:05:11', '2021-07-06 17:05:11');

-- --------------------------------------------------------

--
-- Table structure for table `password_resets`
--

CREATE TABLE `password_resets` (
  `email` varchar(191) COLLATE utf8mb4_unicode_ci NOT NULL,
  `token` varchar(191) COLLATE utf8mb4_unicode_ci NOT NULL,
  `created_at` timestamp NULL DEFAULT NULL
) ENGINE=InnoDB DEFAULT CHARSET=utf8mb4 COLLATE=utf8mb4_unicode_ci;

-- --------------------------------------------------------

--
-- Table structure for table `properties`
--

CREATE TABLE `properties` (
  `id` int(10) UNSIGNED NOT NULL,
  `title_ar` varchar(191) COLLATE utf8mb4_unicode_ci NOT NULL,
  `title_en` varchar(191) COLLATE utf8mb4_unicode_ci NOT NULL,
  `photo` varchar(191) COLLATE utf8mb4_unicode_ci DEFAULT NULL,
  `price` double DEFAULT NULL,
  `discount` double DEFAULT NULL,
  `new_price` double DEFAULT NULL,
  `size` double DEFAULT NULL,
  `purpose` enum('sale','rent') COLLATE utf8mb4_unicode_ci DEFAULT NULL,
  `status` enum('for_sale','sold') COLLATE utf8mb4_unicode_ci DEFAULT NULL,
  `used` enum('new','used') COLLATE utf8mb4_unicode_ci NOT NULL,
  `images` varchar(3000) COLLATE utf8mb4_unicode_ci DEFAULT NULL,
  `video` varchar(191) COLLATE utf8mb4_unicode_ci DEFAULT NULL,
  `floornumber` int(11) DEFAULT NULL,
  `no_of_floor` int(11) DEFAULT NULL,
  `bedroom` int(11) NOT NULL,
  `bathroom` int(11) NOT NULL,
  `city_ar` varchar(191) COLLATE utf8mb4_unicode_ci NOT NULL,
  `city_en` varchar(191) COLLATE utf8mb4_unicode_ci NOT NULL,
  `address_ar` varchar(191) COLLATE utf8mb4_unicode_ci NOT NULL,
  `address_en` varchar(191) COLLATE utf8mb4_unicode_ci NOT NULL,
  `nearby_ar` text COLLATE utf8mb4_unicode_ci DEFAULT NULL,
  `nearby_en` text COLLATE utf8mb4_unicode_ci DEFAULT NULL,
  `description_ar` text COLLATE utf8mb4_unicode_ci NOT NULL,
  `description_en` text COLLATE utf8mb4_unicode_ci NOT NULL,
  `location_latitude` varchar(191) COLLATE utf8mb4_unicode_ci DEFAULT NULL,
  `location_longitude` varchar(191) COLLATE utf8mb4_unicode_ci DEFAULT NULL,
  `category_id` int(10) UNSIGNED DEFAULT NULL,
  `created_at` datetime NOT NULL DEFAULT current_timestamp(),
  `updated_at` datetime NOT NULL DEFAULT current_timestamp()
) ENGINE=InnoDB DEFAULT CHARSET=utf8mb4 COLLATE=utf8mb4_unicode_ci;

--
-- Dumping data for table `properties`
--

INSERT INTO `properties` (`id`, `title_ar`, `title_en`, `photo`, `price`, `discount`, `new_price`, `size`, `purpose`, `status`, `used`, `images`, `video`, `floornumber`, `no_of_floor`, `bedroom`, `bathroom`, `city_ar`, `city_en`, `address_ar`, `address_en`, `nearby_ar`, `nearby_en`, `description_ar`, `description_en`, `location_latitude`, `location_longitude`, `category_id`, `created_at`, `updated_at`) VALUES
(1, 'هذا النص هو مثال لنص يمكن أن يستبدل في نفس المساحة', 'This text is an example of text that can be replaced in the same space', '1625579005.jpg', 800000, 5, 200000, 250, 'sale', 'for_sale', 'new', '1625578850_pexels-sebastian-sørensen-731082_.jpg|1625578850_pexels-pixabay-259588_.jpg|1625578850_pexels-binyamin-mellish-1396132_.jpg|1625578850_pexels-binyamin-mellish-1396122_.jpg|1625578850_pexels-binyamin-mellish-106399_.jpg', 'https://www.youtube.com/embed/y9j-BL5ocW8', 12, NULL, 5, 2, 'مـصـر', 'Egypt', 'الـقـاهـرة', 'Cairo', 'هذا النص هو مثال لنص يمكن أن يستبدل في نفس المساحة، لقد تم توليد هذا النص من مولد النص العربى، حيث يمكنك أن تولد مثل هذا النص أو العديد من النصوص الأخرى إضافة إلى زيادة عدد الحروف التى يولدها التطبيق.', 'This text is an example of a text that can be replaced in the same space. This text was generated from the Arabic text generator, where you can generate such text or many other texts in addition to increasing the number of characters generated by the application.', 'هذا النص هو مثال لنص يمكن أن يستبدل في نفس المساحة، لقد تم توليد هذا النص من مولد النص العربى، حيث يمكنك أن تولد مثل هذا النص أو العديد من النصوص الأخرى إضافة إلى زيادة عدد الحروف التى يولدها التطبيق.', 'This text is an example of a text that can be replaced in the same space. This text was generated from the Arabic text generator, where you can generate such text or many other texts in addition to increasing the number of characters generated by the application.the number of characters generated by the application', '30.0444', '31.2357', 1, '2021-07-06 13:02:03', '2021-07-06 21:05:29'),
(2, 'هذا النص هو مثال لنص يمكن أن يستبدل في نفس المساحة', 'This text is an example of text that can be replaced in the same space', '1625602438.jpg', 1000000, 6, 120000, 350, 'rent', 'for_sale', 'new', '1625602438_slide11_copy_.jpg|1625602438_45079902021_d395010bb2_b_.jpg|1625602438_XtkN6u_.jpg|1625602438_59-593279_real-estate-hd-wallpapers-real-estate-image-hd_.jpg|1625602438_MAIN-IMAGE_.jpg', 'https://www.youtube.com/embed/y9j-BL5ocW8', 1, NULL, 5, 9, 'مـصـر', 'Egypt', 'طنطا', 'Tanta', 'هذا النص هو مثال لنص يمكن أن يستبدل في نفس المساحة، لقد تم توليد هذا النص من مولد النص العربى، حيث يمكنك أن تولد مثل هذا النص أو العديد من النصوص الأخرى إضافة إلى زيادة عدد الحروف التى يولدها التطبيق.', 'This text is an example of a text that can be replaced in the same space. This text was generated from the Arabic text generator, where you can generate such text or many other texts in addition to increasing the number of characters generated by the application.', 'هذا النص هو مثال لنص يمكن أن يستبدل في نفس المساحة، لقد تم توليد هذا النص من مولد النص العربى، حيث يمكنك أن تولد مثل هذا النص أو العديد من النصوص الأخرى إضافة إلى زيادة عدد الحروف التى يولدها التطبيق.', 'This text is an example of a text that can be replaced in the same space. This text was generated from the Arabic text generator, where you can generate such text or many other texts in addition to increasing the number of characters generated by the application.', '30.0444', '31.2357', 3, '2021-07-06 20:13:58', '2021-07-06 20:27:22'),
(3, 'هذا النص هو مثال لنص يمكن أن يستبدل في نفس المساحة', 'This text is an example of text that can be replaced in the same space', '1625602873.jpg', 32411313, 12, 342424, 232, 'sale', 'sold', 'new', '1625602873_slide11_copy_.jpg|1625602873_45079902021_d395010bb2_b_.jpg|1625602873_XtkN6u_.jpg|1625602873_MAIN-IMAGE_.jpg', 'https://www.youtube.com/embed/y9j-BL5ocW8', 12, NULL, 5, 9, 'مـصـر', 'Egypt', 'الـقـاهـرة', 'cairo', 'هذا النص هو مثال لنص يمكن أن يستبدل في نفس المساحة، لقد تم توليد هذا النص من مولد النص العربى، حيث يمكنك أن تولد مثل هذا النص أو العديد من النصوص الأخرى إضافة إلى زيادة عدد الحروف التى يولدها التطبيق.', 'This text is an example of a text that can be replaced in the same space. This text was generated from the Arabic text generator, where you can generate such text or many other texts in addition to increasing the number of characters generated by the application.', 'هذا النص هو مثال لنص يمكن أن يستبدل في نفس المساحة، لقد تم توليد هذا النص من مولد النص العربى، حيث يمكنك أن تولد مثل هذا النص أو العديد من النصوص الأخرى إضافة إلى زيادة عدد الحروف التى يولدها التطبيق.', 'This text is an example of a text that can be replaced in the same space. This text was generated from the Arabic text generator, where you can generate such text or many other texts in addition to increasing the number of characters generated by the application.the number of characters generated by the application', '30.0444', '31.2357', 2, '2021-07-06 20:21:13', '2021-07-06 20:27:10'),
(4, 'هذا النص هو مثال لنص يمكن أن يستبدل في نفس المساحة', 'This text is an example of text that can be replaced in the same space', '1625603471.jpg', 45452442, 12, 234242, 454, 'rent', 'sold', 'new', '1625603471_slide11_copy_.jpg|1625603471_45079902021_d395010bb2_b_.jpg|1625603471_XtkN6u_.jpg|1625603471_151-1514371_real-estates-images-hd_.jpg|1625603471_59-593279_real-estate-hd-wallpapers-real-estate-image-hd_.jpg', 'https://www.youtube.com/embed/y9j-BL5ocW8', 0, 3, 22, 23, 'الاسكندريه', 'Alexandria', 'الاسكندريه', 'Alexandria', 'هذا النص هو مثال لنص يمكن أن يستبدل في نفس المساحة، لقد تم توليد هذا النص من مولد النص العربى، حيث يمكنك أن تولد مثل هذا النص أو العديد من النصوص الأخرى إضافة إلى زيادة عدد الحروف التى يولدها التطبيق.', 'This text is an example of a text that can be replaced in the same space. This text was generated from the Arabic text generator, where you can generate such text or many other texts in addition to increasing the number of characters generated by the application.', 'هذا النص هو مثال لنص يمكن أن يستبدل في نفس المساحة، لقد تم توليد هذا النص من مولد النص العربى، حيث يمكنك أن تولد مثل هذا النص أو العديد من النصوص الأخرى إضافة إلى زيادة عدد الحروف التى يولدها التطبيق.', 'This text is an example of a text that can be replaced in the same space. This text was generated from the Arabic text generator, where you can generate such text or many other texts in addition to increasing the number of characters generated by the application.', '30.0444', '31.2357', 2, '2021-07-06 20:31:11', '2021-07-06 20:31:11'),
(5, 'هذا النص هو مثال لنص يمكن أن يستبدل في نفس المساحة', 'This text is an example of text that can be replaced in the same space', '1625604513.jpg', 66346353, 20, 456464, 3535, 'sale', 'sold', 'new', '1625604513_151-1514371_real-estates-images-hd_.jpg|1625604513_59-593279_real-estate-hd-wallpapers-real-estate-image-hd_.jpg|1625604513_MAIN-IMAGE_.jpg|1625604513_real4_.jpg', 'https://www.youtube.com/embed/y9j-BL5ocW8', 1, 4, 50, 22, 'مـصـر', 'Egypt', 'الـقـاهـرة', 'cairo', 'هذا النص هو مثال لنص يمكن أن يستبدل في نفس المساحة، لقد تم توليد هذا النص من مولد النص العربى، حيث يمكنك أن تولد مثل هذا النص أو العديد من النصوص الأخرى إضافة إلى زيادة عدد الحروف التى يولدها التطبيق.', 'This text is an example of a text that can be replaced in the same space. This text was generated from the Arabic text generator, where you can generate such text or many other texts in addition to increasing the number of characters generated by the application.', 'هذا النص هو مثال لنص يمكن أن يستبدل في نفس المساحة، لقد تم توليد هذا النص من مولد النص العربى، حيث يمكنك أن تولد مثل هذا النص أو العديد من النصوص الأخرى إضافة إلى زيادة عدد الحروف التى يولدها التطبيق.', 'This text is an example of a text that can be replaced in the same space. This text was generated from the Arabic text generator, where you can generate such text or many other texts in addition to increasing the number of characters generated by the application.', '30.0444', '31.2357', 5, '2021-07-06 20:48:33', '2021-07-06 20:48:33'),
(6, 'هذا النص هو مثال لنص يمكن أن يستبدل في نفس المساحة', 'This text is an example of text that can be replaced in the same space', '1625604803.jpg', 747745444, 23, 2524242, 3443, 'sale', 'for_sale', 'new', '1625604803_XtkN6u_.jpg|1625604803_151-1514371_real-estates-images-hd_.jpg|1625604803_59-593279_real-estate-hd-wallpapers-real-estate-image-hd_.jpg|1625604803_MAIN-IMAGE_.jpg|1625604803_real4_.jpg', 'https://www.youtube.com/embed/y9j-BL5ocW8', 1, 8, 44, 122, 'مـصـر', 'Egypt', 'الـقـاهـرة', 'cairo', 'هذا النص هو مثال لنص يمكن أن يستبدل في نفس المساحة، لقد تم توليد هذا النص من مولد النص العربى، حيث يمكنك أن تولد مثل هذا النص أو العديد من النصوص الأخرى إضافة إلى زيادة عدد الحروف التى يولدها التطبيق.', 'This text is an example of a text that can be replaced in the same space. This text was generated from the Arabic text generator, where you can generate such text or many other texts in addition to increasing the number of characters generated by the application.', 'هذا النص هو مثال لنص يمكن أن يستبدل في نفس المساحة، لقد تم توليد هذا النص من مولد النص العربى، حيث يمكنك أن تولد مثل هذا النص أو العديد من النصوص الأخرى إضافة إلى زيادة عدد الحروف التى يولدها التطبيق.', 'This text is an example of a text that can be replaced in the same space. This text was generated from the Arabic text generator, where you can generate such text or many other texts in addition to increasing the number of characters generated by the application.', '30.0444', '31.2357', 2, '2021-07-06 20:53:23', '2021-07-06 20:53:23');

-- --------------------------------------------------------

--
-- Table structure for table `social`
--

CREATE TABLE `social` (
  `id` int(10) UNSIGNED NOT NULL,
  `name` varchar(191) COLLATE utf8mb4_unicode_ci DEFAULT NULL,
  `type` varchar(191) COLLATE utf8mb4_unicode_ci DEFAULT NULL,
  `status` enum('0','1') COLLATE utf8mb4_unicode_ci DEFAULT NULL,
  `contact` enum('0','1') COLLATE utf8mb4_unicode_ci DEFAULT NULL,
  `created_at` datetime NOT NULL DEFAULT current_timestamp(),
  `updated_at` datetime NOT NULL DEFAULT current_timestamp()
) ENGINE=InnoDB DEFAULT CHARSET=utf8mb4 COLLATE=utf8mb4_unicode_ci;

--
-- Dumping data for table `social`
--

INSERT INTO `social` (`id`, `name`, `type`, `status`, `contact`, `created_at`, `updated_at`) VALUES
(1, 'https://www.facebook.com/', 'Facebook', '1', '0', '2021-07-06 19:30:56', '2021-07-06 19:35:40'),
(2, 'https://www.instagram.com/', 'Instagram', '1', '0', '2021-07-06 19:37:29', '2021-07-06 19:37:29'),
(3, 'https://www.twitter.com/', 'Twitter', '1', '0', '2021-07-06 19:37:55', '2021-07-06 19:37:55'),
(4, '19053', 'Customers Service', '1', '1', '2021-07-06 19:38:55', '2021-07-06 19:38:55'),
(5, '01112778916', 'Inquiries', '1', '1', '2021-07-06 19:43:42', '2021-07-06 19:43:42'),
(6, '01112778915', 'Inquiries', '1', '1', '2021-07-06 19:43:56', '2021-07-06 19:44:16'),
(7, '0112345765', 'Accounts', '1', '1', '2021-07-06 19:44:34', '2021-07-06 19:44:34'),
(8, 'sales@raptorsegypt.com', 'Recruitment', '1', '1', '2021-07-06 19:44:50', '2021-07-06 19:44:50'),
(9, 'hr@raptorsegypt.com', 'Recruitment', '1', '1', '2021-07-06 19:45:02', '2021-07-06 19:45:02'),
(10, 'info@raptorsegypt.com', 'Recruitment', '1', '1', '2021-07-06 19:45:14', '2021-07-06 19:45:14'),
(11, '011111111144', 'What\'s App', '1', '0', '2021-07-07 09:21:55', '2021-07-07 09:21:55');

-- --------------------------------------------------------

--
-- Table structure for table `users`
--

CREATE TABLE `users` (
  `id` int(10) UNSIGNED NOT NULL,
  `name` varchar(191) COLLATE utf8mb4_unicode_ci NOT NULL,
  `name_ar` varchar(191) COLLATE utf8mb4_unicode_ci DEFAULT NULL,
  `admin` int(11) NOT NULL DEFAULT 0,
  `email` varchar(191) COLLATE utf8mb4_unicode_ci NOT NULL,
  `email_verified_at` timestamp NULL DEFAULT NULL,
  `password` varchar(191) COLLATE utf8mb4_unicode_ci NOT NULL,
  `remember_token` varchar(100) COLLATE utf8mb4_unicode_ci DEFAULT NULL,
  `created_at` timestamp NULL DEFAULT NULL,
  `updated_at` timestamp NULL DEFAULT NULL
) ENGINE=InnoDB DEFAULT CHARSET=utf8mb4 COLLATE=utf8mb4_unicode_ci;

--
-- Dumping data for table `users`
--

INSERT INTO `users` (`id`, `name`, `name_ar`, `admin`, `email`, `email_verified_at`, `password`, `remember_token`, `created_at`, `updated_at`) VALUES
(1, 'Admin Admin', NULL, 1, 'admin@admin.com', NULL, '$2y$10$KWb5wosRTYDcimOdiMK0D.SPjlBYn.vL6yttJZdeI8EUrQse7TFcO', NULL, '2021-07-06 09:37:05', '2021-07-06 09:37:05'),
(2, 'Mohamed Farh', 'محمد فرح', 1, 'Mohamed@admin.com', NULL, '$2y$10$GTTglLc55VKgHAEYuu/4Kul0MmM4ICF97XSeHsPgC010w7B7GDjB6', NULL, '2021-07-06 10:18:33', '2021-07-06 10:18:33'),
(3, 'Mohamed Farh', 'مـحـمـد فـرح', 0, 'Mohamed@user.com', NULL, '$2y$10$2vYSTjr3pD.3LahpLctdFeU5gbrh1i/q6RRK76oOX8ySzToMcj2gK', NULL, '2021-07-06 10:34:22', '2021-07-06 10:34:22'),
(4, 'User User', 'مستخدم جديد', 0, 'user@user.com', NULL, '$2y$10$xdqnbl8H9JjY3ot2DWkqpuBsbjyKLaVyKG/J/tbEsCfRh0g2XQrA6', NULL, '2021-07-06 10:36:05', '2021-07-06 10:36:05');

-- --------------------------------------------------------

--
-- Table structure for table `work_time`
--

CREATE TABLE `work_time` (
  `id` int(10) UNSIGNED NOT NULL,
  `start_day` varchar(191) COLLATE utf8mb4_unicode_ci DEFAULT NULL,
  `end_day` varchar(191) COLLATE utf8mb4_unicode_ci DEFAULT NULL,
  `start_time` time DEFAULT NULL,
  `end_time` time DEFAULT NULL,
  `created_at` timestamp NULL DEFAULT NULL,
  `updated_at` timestamp NULL DEFAULT NULL
) ENGINE=InnoDB DEFAULT CHARSET=utf8mb4 COLLATE=utf8mb4_unicode_ci;

--
-- Dumping data for table `work_time`
--

INSERT INTO `work_time` (`id`, `start_day`, `end_day`, `start_time`, `end_time`, `created_at`, `updated_at`) VALUES
(4, 'Sunday', 'Saturday', '10:00:00', '18:00:00', '2021-07-14 13:36:48', '2021-07-14 13:36:48');

--
-- Indexes for dumped tables
--

--
-- Indexes for table `aboutus`
--
ALTER TABLE `aboutus`
  ADD PRIMARY KEY (`id`);

--
-- Indexes for table `categories`
--
ALTER TABLE `categories`
  ADD PRIMARY KEY (`id`);

--
-- Indexes for table `classrooms`
--
ALTER TABLE `classrooms`
  ADD PRIMARY KEY (`id`),
  ADD KEY `classrooms_grade_id_foreign` (`Grade_id`);

--
-- Indexes for table `company_jobs`
--
ALTER TABLE `company_jobs`
  ADD PRIMARY KEY (`id`);

--
-- Indexes for table `contactus_messages`
--
ALTER TABLE `contactus_messages`
  ADD PRIMARY KEY (`id`);

--
-- Indexes for table `failed_jobs`
--
ALTER TABLE `failed_jobs`
  ADD PRIMARY KEY (`id`);

--
-- Indexes for table `features`
--
ALTER TABLE `features`
  ADD PRIMARY KEY (`id`);

--
-- Indexes for table `feature_property`
--
ALTER TABLE `feature_property`
  ADD PRIMARY KEY (`id`),
  ADD KEY `feature_property_property_id_foreign` (`property_id`),
  ADD KEY `feature_property_feature_id_foreign` (`feature_id`);

--
-- Indexes for table `galleries`
--
ALTER TABLE `galleries`
  ADD PRIMARY KEY (`id`);

--
-- Indexes for table `grades`
--
ALTER TABLE `grades`
  ADD PRIMARY KEY (`id`);

--
-- Indexes for table `job_seekers`
--
ALTER TABLE `job_seekers`
  ADD PRIMARY KEY (`id`);

--
-- Indexes for table `location`
--
ALTER TABLE `location`
  ADD PRIMARY KEY (`id`),
  ADD KEY `location_country_ar_index` (`country_ar`),
  ADD KEY `location_country_en_index` (`country_en`),
  ADD KEY `location_city_ar_index` (`city_ar`),
  ADD KEY `location_city_en_index` (`city_en`),
  ADD KEY `location_address_ar_index` (`address_ar`),
  ADD KEY `location_address_en_index` (`address_en`);

--
-- Indexes for table `migrations`
--
ALTER TABLE `migrations`
  ADD PRIMARY KEY (`id`);

--
-- Indexes for table `news`
--
ALTER TABLE `news`
  ADD PRIMARY KEY (`id`);

--
-- Indexes for table `password_resets`
--
ALTER TABLE `password_resets`
  ADD KEY `password_resets_email_index` (`email`);

--
-- Indexes for table `properties`
--
ALTER TABLE `properties`
  ADD PRIMARY KEY (`id`),
  ADD KEY `properties_title_ar_index` (`title_ar`),
  ADD KEY `properties_title_en_index` (`title_en`),
  ADD KEY `properties_price_index` (`price`),
  ADD KEY `properties_size_index` (`size`),
  ADD KEY `properties_used_index` (`used`),
  ADD KEY `properties_bedroom_index` (`bedroom`),
  ADD KEY `properties_city_ar_index` (`city_ar`),
  ADD KEY `properties_city_en_index` (`city_en`),
  ADD KEY `properties_address_ar_index` (`address_ar`),
  ADD KEY `properties_address_en_index` (`address_en`),
  ADD KEY `properties_category_id_index` (`category_id`);

--
-- Indexes for table `social`
--
ALTER TABLE `social`
  ADD PRIMARY KEY (`id`);

--
-- Indexes for table `users`
--
ALTER TABLE `users`
  ADD PRIMARY KEY (`id`),
  ADD UNIQUE KEY `users_email_unique` (`email`);

--
-- Indexes for table `work_time`
--
ALTER TABLE `work_time`
  ADD PRIMARY KEY (`id`);

--
-- AUTO_INCREMENT for dumped tables
--

--
-- AUTO_INCREMENT for table `aboutus`
--
ALTER TABLE `aboutus`
  MODIFY `id` int(10) UNSIGNED NOT NULL AUTO_INCREMENT, AUTO_INCREMENT=2;

--
-- AUTO_INCREMENT for table `categories`
--
ALTER TABLE `categories`
  MODIFY `id` int(10) UNSIGNED NOT NULL AUTO_INCREMENT, AUTO_INCREMENT=6;

--
-- AUTO_INCREMENT for table `classrooms`
--
ALTER TABLE `classrooms`
  MODIFY `id` bigint(20) UNSIGNED NOT NULL AUTO_INCREMENT;

--
-- AUTO_INCREMENT for table `company_jobs`
--
ALTER TABLE `company_jobs`
  MODIFY `id` int(10) UNSIGNED NOT NULL AUTO_INCREMENT, AUTO_INCREMENT=8;

--
-- AUTO_INCREMENT for table `contactus_messages`
--
ALTER TABLE `contactus_messages`
  MODIFY `id` int(10) UNSIGNED NOT NULL AUTO_INCREMENT, AUTO_INCREMENT=2;

--
-- AUTO_INCREMENT for table `failed_jobs`
--
ALTER TABLE `failed_jobs`
  MODIFY `id` bigint(20) UNSIGNED NOT NULL AUTO_INCREMENT;

--
-- AUTO_INCREMENT for table `features`
--
ALTER TABLE `features`
  MODIFY `id` int(10) UNSIGNED NOT NULL AUTO_INCREMENT, AUTO_INCREMENT=7;

--
-- AUTO_INCREMENT for table `feature_property`
--
ALTER TABLE `feature_property`
  MODIFY `id` int(10) UNSIGNED NOT NULL AUTO_INCREMENT, AUTO_INCREMENT=21;

--
-- AUTO_INCREMENT for table `galleries`
--
ALTER TABLE `galleries`
  MODIFY `id` int(10) UNSIGNED NOT NULL AUTO_INCREMENT, AUTO_INCREMENT=21;

--
-- AUTO_INCREMENT for table `grades`
--
ALTER TABLE `grades`
  MODIFY `id` bigint(20) UNSIGNED NOT NULL AUTO_INCREMENT;

--
-- AUTO_INCREMENT for table `job_seekers`
--
ALTER TABLE `job_seekers`
  MODIFY `id` int(10) UNSIGNED NOT NULL AUTO_INCREMENT;

--
-- AUTO_INCREMENT for table `location`
--
ALTER TABLE `location`
  MODIFY `id` int(10) UNSIGNED NOT NULL AUTO_INCREMENT, AUTO_INCREMENT=2;

--
-- AUTO_INCREMENT for table `migrations`
--
ALTER TABLE `migrations`
  MODIFY `id` int(10) UNSIGNED NOT NULL AUTO_INCREMENT, AUTO_INCREMENT=24;

--
-- AUTO_INCREMENT for table `news`
--
ALTER TABLE `news`
  MODIFY `id` int(10) UNSIGNED NOT NULL AUTO_INCREMENT, AUTO_INCREMENT=4;

--
-- AUTO_INCREMENT for table `properties`
--
ALTER TABLE `properties`
  MODIFY `id` int(10) UNSIGNED NOT NULL AUTO_INCREMENT, AUTO_INCREMENT=7;

--
-- AUTO_INCREMENT for table `social`
--
ALTER TABLE `social`
  MODIFY `id` int(10) UNSIGNED NOT NULL AUTO_INCREMENT, AUTO_INCREMENT=12;

--
-- AUTO_INCREMENT for table `users`
--
ALTER TABLE `users`
  MODIFY `id` int(10) UNSIGNED NOT NULL AUTO_INCREMENT, AUTO_INCREMENT=5;

--
-- AUTO_INCREMENT for table `work_time`
--
ALTER TABLE `work_time`
  MODIFY `id` int(10) UNSIGNED NOT NULL AUTO_INCREMENT, AUTO_INCREMENT=5;

--
-- Constraints for dumped tables
--

--
-- Constraints for table `classrooms`
--
ALTER TABLE `classrooms`
  ADD CONSTRAINT `classrooms_grade_id_foreign` FOREIGN KEY (`Grade_id`) REFERENCES `grades` (`id`) ON DELETE CASCADE ON UPDATE CASCADE;

--
-- Constraints for table `feature_property`
--
ALTER TABLE `feature_property`
  ADD CONSTRAINT `feature_property_feature_id_foreign` FOREIGN KEY (`feature_id`) REFERENCES `features` (`id`) ON DELETE CASCADE ON UPDATE CASCADE,
  ADD CONSTRAINT `feature_property_property_id_foreign` FOREIGN KEY (`property_id`) REFERENCES `properties` (`id`) ON DELETE CASCADE ON UPDATE CASCADE;

--
-- Constraints for table `properties`
--
ALTER TABLE `properties`
  ADD CONSTRAINT `properties_category_id_foreign` FOREIGN KEY (`category_id`) REFERENCES `categories` (`id`) ON DELETE CASCADE ON UPDATE CASCADE;
COMMIT;

/*!40101 SET CHARACTER_SET_CLIENT=@OLD_CHARACTER_SET_CLIENT */;
/*!40101 SET CHARACTER_SET_RESULTS=@OLD_CHARACTER_SET_RESULTS */;
/*!40101 SET COLLATION_CONNECTION=@OLD_COLLATION_CONNECTION */;
